run_id,scenario,timestamp,elapsed_seconds,target_temperature_c,measured_temperature_c,deviation_c
20261001_201744,high_temperature,2026-10-01T20:17:44.035,0.0,37.0,37.505,0.505
20261001_201744,high_temperature,2026-10-01T20:17:44.035,0.5,37.0,37.533,0.533
20261001_201744,high_temperature,2026-10-01T20:17:44.035,1.0,37.0,37.526,0.526
20261001_201744,high_temperature,2026-10-01T20:17:44.035,1.5,37.0,37.514,0.514
20261001_201744,high_temperature,2026-10-01T20:17:44.035,2.0,37.0,37.526,0.526
20261001_201744,high_temperature,2026-10-01T20:17:44.035,2.5,37.0,37.519,0.519
20261001_201744,high_temperature,2026-10-01T20:17:44.035,3.0,37.0,37.475,0.475
20261001_201744,high_temperature,2026-10-01T20:17:44.035,3.5,37.0,37.471,0.471
20261001_201744,high_temperature,2026-10-01T20:17:44.035,4.0,37.0,37.481,0.481
20261001_201744,high_temperature,2026-10-01T20:17:44.035,4.5,37.0,37.52,0.52
20261001_201744,high_temperature,2026-10-01T20:17:44.035,5.0,37.0,37.49,0.49
20261001_201744,high_temperature,2026-10-01T20:17:44.035,5.5,37.0,37.593,0.593
20261001_201744,high_temperature,2026-10-01T20:17:44.035,6.0,37.0,37.467,0.467
20261001_201744,high_temperature,2026-10-01T20:17:44.035,6.5,37.0,37.456,0.456
20261001_201744,high_temperature,2026-10-01T20:17:44.035,7.0,37.0,37.531,0.531
20261001_201744,high_temperature,2026-10-01T20:17:44.035,7.5,37.0,37.557,0.557
20261001_201744,high_temperature,2026-10-01T20:17:44.035,8.0,37.0,37.52,0.52
20261001_201744,high_temperature,2026-10-01T20:17:44.035,8.5,37.0,37.533,0.533
20261001_201744,high_temperature,2026-10-01T20:17:44.035,9.0,37.0,37.557,0.557
20261001_201744,high_temperature,2026-10-01T20:17:44.035,9.5,37.0,37.496,0.496
20261001_201744,high_temperature,2026-10-01T20:17:44.035,10.0,37.0,37.443,0.443
