run_id,scenario,timestamp,elapsed_seconds,target_rpm,measured_rpm,deviation_rpm
HIGH_DEVIATION_20261001_201009,high_deviation,2026-10-01T20:10:09.634,0.0,1600,1608.85,8.85
HIGH_DEVIATION_20261001_201009,high_deviation,2026-10-01T20:10:09.634,0.5,1600,1614.04,14.04
HIGH_DEVIATION_20261001_201009,high_deviation,2026-10-01T20:10:09.634,1.0,1600,1613.21,13.21
HIGH_DEVIATION_20261001_201009,high_deviation,2026-10-01T20:10:09.634,1.5,1600,1610.57,10.57
HIGH_DEVIATION_20261001_201009,high_deviation,2026-10-01T20:10:09.634,2.0,1600,1612.11,12.11
HIGH_DEVIATION_20261001_201009,high_deviation,2026-10-01T20:10:09.634,2.5,1600,1612.72,12.72
HIGH_DEVIATION_20261001_201009,high_deviation,2026-10-01T20:10:09.634,3.0,1600,1612.3,12.3
HIGH_DEVIATION_20261001_201009,high_deviation,2026-10-01T20:10:09.634,3.5,1600,1612.27,12.27
HIGH_DEVIATION_20261001_201009,high_deviation,2026-10-01T20:10:09.634,4.0,1600,1613.99,13.99
HIGH_DEVIATION_20261001_201009,high_deviation,2026-10-01T20:10:09.634,4.5,1600,1615.0,15.0
HIGH_DEVIATION_20261001_201009,high_deviation,2026-10-01T20:10:09.634,5.0,1600,1616.6,16.6
HIGH_DEVIATION_20261001_201009,high_deviation,2026-10-01T20:10:09.634,5.5,1600,1611.7,11.7
HIGH_DEVIATION_20261001_201009,high_deviation,2026-10-01T20:10:09.634,6.0,1600,1609.79,9.79
HIGH_DEVIATION_20261001_201009,high_deviation,2026-10-01T20:10:09.634,6.5,1600,1614.11,14.11
HIGH_DEVIATION_20261001_201009,high_deviation,2026-10-01T20:10:09.634,7.0,1600,1611.04,11.04
HIGH_DEVIATION_20261001_201009,high_deviation,2026-10-01T20:10:09.634,7.5,1600,1609.51,9.51
HIGH_DEVIATION_20261001_201009,high_deviation,2026-10-01T20:10:09.634,8.0,1600,1617.15,17.15
HIGH_DEVIATION_20261001_201009,high_deviation,2026-10-01T20:10:09.634,8.5,1600,1614.57,14.57
HIGH_DEVIATION_20261001_201009,high_deviation,2026-10-01T20:10:09.634,9.0,1600,1610.92,10.92
HIGH_DEVIATION_20261001_201009,high_deviation,2026-10-01T20:10:09.634,9.5,1600,1611.02,11.02
HIGH_DEVIATION_20261001_201009,high_deviation,2026-10-01T20:10:09.634,10.0,1600,1613.21,13.21
