run_id,timestamp,elapsed_seconds,target_rpm,measured_rpm,deviation_rpm
20261001_193355,2026-10-01T19:33:55.511,0.0,1600,1599.57,-0.43
20261001_193355,2026-10-01T19:33:55.511,0.5,1600,1599.48,-0.52
20261001_193355,2026-10-01T19:33:56.012,1.0,1600,1599.67,-0.33
20261001_193355,2026-10-01T19:33:56.512,1.5,1600,1602.11,2.11
20261001_193355,2026-10-01T19:33:57.011,2.0,1600,1599.62,-0.38
20261001_193355,2026-10-01T19:33:57.512,2.5,1600,1595.51,-4.49
20261001_193355,2026-10-01T19:33:58.012,3.0,1600,1601.0,1.0
20261001_193355,2026-10-01T19:33:58.512,3.5,1600,1599.2,-0.8
20261001_193355,2026-10-01T19:33:59.012,4.0,1600,1599.35,-0.65
20261001_193355,2026-10-01T19:33:59.512,4.5,1600,1600.35,0.35
20261001_193355,2026-10-01T19:34:00.012,5.0,1600,1600.7,0.7
20261001_193355,2026-10-01T19:34:00.512,5.5,1600,1603.49,3.49
20261001_193355,2026-10-01T19:34:01.012,6.0,1600,1601.97,1.97
20261001_193355,2026-10-01T19:34:01.512,6.5,1600,1600.33,0.33
20261001_193355,2026-10-01T19:34:02.012,7.0,1600,1597.79,-2.21
20261001_193355,2026-10-01T19:34:02.512,7.5,1600,1596.96,-3.04
20261001_193355,2026-10-01T19:34:03.012,8.0,1600,1600.74,0.74
20261001_193355,2026-10-01T19:34:03.512,8.5,1600,1603.93,3.93
20261001_193355,2026-10-01T19:34:04.012,9.0,1600,1600.12,0.12
20261001_193355,2026-10-01T19:34:04.512,9.5,1600,1599.68,-0.32
20261001_193355,2026-10-01T19:34:05.012,10.0,1600,1601.6,1.6
