run_id,timestamp,elapsed_seconds,target_temperature_c,measured_temperature_c,deviation_c
20261001_201324,2026-10-01T20:13:24.695,0.0,37.0,36.988,-0.012
20261001_201324,2026-10-01T20:13:24.695,0.5,37.0,36.986,-0.014
20261001_201324,2026-10-01T20:13:25.195,1.0,37.0,36.991,-0.009
20261001_201324,2026-10-01T20:13:25.695,1.5,37.0,37.056,0.056
20261001_201324,2026-10-01T20:13:26.195,2.0,37.0,36.99,-0.01
20261001_201324,2026-10-01T20:13:26.695,2.5,37.0,36.88,-0.12
20261001_201324,2026-10-01T20:13:27.195,3.0,37.0,37.027,0.027
20261001_201324,2026-10-01T20:13:27.695,3.5,37.0,36.979,-0.021
20261001_201324,2026-10-01T20:13:28.195,4.0,37.0,36.983,-0.017
20261001_201324,2026-10-01T20:13:28.695,4.5,37.0,37.009,0.009
20261001_201324,2026-10-01T20:13:29.195,5.0,37.0,37.019,0.019
20261001_201324,2026-10-01T20:13:29.695,5.5,37.0,37.093,0.093
20261001_201324,2026-10-01T20:13:30.195,6.0,37.0,37.053,0.053
20261001_201324,2026-10-01T20:13:30.695,6.5,37.0,37.009,0.009
20261001_201324,2026-10-01T20:13:31.195,7.0,37.0,36.941,-0.059
20261001_201324,2026-10-01T20:13:31.701,7.5,37.0,36.919,-0.081
20261001_201324,2026-10-01T20:13:32.195,8.0,37.0,37.02,0.02
20261001_201324,2026-10-01T20:13:32.699,8.5,37.0,37.105,0.105
20261001_201324,2026-10-01T20:13:33.197,9.0,37.0,37.003,0.003
20261001_201324,2026-10-01T20:13:33.695,9.5,37.0,36.991,-0.009
20261001_201324,2026-10-01T20:13:34.195,10.0,37.0,37.043,0.043
